{
  "validation": {
    "majority": {
      "accuracy": 0.47058823529411764,
      "macro_f1": 0.16
    },
    "decision_tree": {
      "accuracy": 0.6764705882352942,
      "macro_f1": 0.35968623481781375
    },
    "random_forest": {
      "accuracy": 0.7142857142857143,
      "macro_f1": 0.43071052631578943
    }
  },
  "test": {
    "accuracy": 0.7136363636363636,
    "macro_f1": 0.3624536157118291,
    "per_class_recall": {
      "UP": 0.0,
      "DOWN": 0.9074074074074074,
      "LEFT": 0.0,
      "RIGHT": 0.5514018691588785
    },
    "confusion_matrix": [
      [
        0,
        2,
        0,
        1
      ],
      [
        3,
        98,
        0,
        7
      ],
      [
        0,
        2,
        0,
        0
      ],
      [
        2,
        44,
        2,
        59
      ]
    ]
  },
  "split_sizes": {
    "train": 1076,
    "validation": 238,
    "test": 220
  }
}